ุทุงุจุน ุฒููู,ุงูุณูุฉ ุงูุฏุฑุงุณูุฉ,ูู ุชุฑู ุงูุชุนููู ุนู ุจุนุฏ ูููุฏ ููููุ,ูุง ูู ุงูุฎุฏูุงุช ุงูุชุนููููุฉ ุงูุชู ุชูุฏ ุงูุงุดุชุฑุงู ุฃู ุงูุงุณุชูุณุงุฑ ุนููุงุ,ูู ุฃูู ุนููุช ุนู ุฌูููุณุ,ููุงู ุงูุณูู,ุจูุฏ ุงูุฅูุงูุฉ,id
2022-08-13 17:09:56,ุงูุตู ุงูุซุงูู,ูุนู,ุงููุงุนุฏุฉ ุงูููุฑุงููุฉ,ูู ุงูููุณ,ุงูุฎูุฌู,,4550
2022-08-13 17:21:41,ุงูุตู ุงูุงูู ุงูุงุนุฏุงุฏู,ูุนู,"ููุฑุณ ุงููุบุฉ ุงูุฅูุฌููุฒูุฉ, ููุฑุณ ุงููุบุฉ ุงูุฃููุงููุฉ, ูุจุฏุงุฆ ุงูุจุฑูุฌุฉ ุงูุชุฃุณูุณูุฉ, ุงูุฑูุงุถูุงุช ( ุงููุงุชูููู ), ุงููุณุชูุดู ุงูุตุบูุฑ",ุงูููุณุจูู,,,4551
2022-08-13 19:20:03,ุซุงููู ุซุงููู,ูุง,"ุฏุจูููุฉ ุงูุจุฑูุฌุฉ ุงููุชุฎุตุตุฉ, ููุฑุณ ุงููุบุฉ ุงูุฅูุฌููุฒูุฉ",ุงูููุณ ุจูู,ุนูู ุดูุณ,,4552
2022-08-13 19:37:14,ุงููู ุซุงููู,ูุนู,,ูู ุงูููุณ ุจูู,2023-10-06 00:00:00,,4553
2022-08-13 19:51:38,ูฃ ุงุจุชุฏุงุฆู,ุฑุจูุง,"ูุจุฏุงุฆ ุงูุจุฑูุฌุฉ ุงูุชุฃุณูุณูุฉ, ุงููุงุฑุฆ ุงููุซูู, ุงููุณุชูุดู ุงูุตุบูุฑ, ุงููุงุนุฏุฉ ุงูููุฑุงููุฉ",Facebook,ุงูุนุจูุฑ,,4554
2022-08-13 20:33:28,ุงูุซุงูุช ุงูุงุจุชุฏุงุฆู,ุฑุจูุง,ูุจุฏุงุฆ ุงูุจุฑูุฌุฉ ุงูุชุฃุณูุณูุฉ,ูู ุงูุงูุชุฑูุช,ุงูุณูุจูุงููู ูุญุงูุธู ุงูุฏููููู,,4555
2022-08-14 03:21:55,ุงูุตู ุงูุซุงูุซ ุงูุงุนุฏุงุฏู,ุฑุจูุง,"ุงููุฏุฑุณุฉ ุงูุงูููุงูู, ุฏุจูููุฉ ุงูุจุฑูุฌุฉ ุงููุชุฎุตุตุฉ, ููุฑุณ ุงููุบุฉ ุงูุฅูุฌููุฒูุฉ, ุฏุจูููุฉ ุงูุฌุฑุงููุณ, ูุจุฏุงุฆ ุงูุจุฑูุฌุฉ ุงูุชุฃุณูุณูุฉ, ุงูุฑูุงุถูุงุช ( ุงููุงุชูููู ), ุงููุงุนุฏุฉ ุงูููุฑุงููุฉ",ูู ุงูููุณ ุจูู,ูุงุฑุณููุฑ- ุฏููุงุท,,4556
2022-08-14 10:12:51,ุฌุฑูุฏ ูจ,ุฑุจูุง,"ุฏุจูููุฉ ุงูุจุฑูุฌุฉ ุงููุชุฎุตุตุฉ, ุฏุจูููุฉ ุงูุฌุฑุงููุณ, ูุจุฏุงุฆ ุงูุจุฑูุฌุฉ ุงูุชุฃุณูุณูุฉ",ุงูููุณุจูู,ุงูุฑูุงุถ,,4557
2022-08-14 13:26:33,ุงูุฎุงูุณ ุงูุงุจุชุฏุงุฆู,ูุนู,"ุฏุจูููุฉ ุงูุจุฑูุฌุฉ ุงููุชุฎุตุตุฉ, ููุฑุณ ุงููุบุฉ ุงูุฅูุฌููุฒูุฉ, ุฏุจูููุฉ ุงูุฏูุฌุชุงู ูุงุฑูุชูุฌ, ุฏุจูููุฉ ุงูุฌุฑุงููุณ, ูุจุฏุงุฆ ุงูุจุฑูุฌุฉ ุงูุชุฃุณูุณูุฉ, ุงููุงุฑุฆ ุงููุซูู, ุงูุฑูุงุถูุงุช ( ุงููุงุชูููู ), ุงููุณุชูุดู ุงูุตุบูุฑ, ุงููุงุนุฏุฉ ุงูููุฑุงููุฉ",Face book,,,4558
2022-08-14 14:04:05,ุงูุตู ุงูุซุงูู,ูุนู,"ุฏุจูููุฉ ุงูุจุฑูุฌุฉ ุงููุชุฎุตุตุฉ, ูุจุฏุงุฆ ุงูุจุฑูุฌุฉ ุงูุชุฃุณูุณูุฉ",ุงูููุณ ุจูู,ุงููููุช,,4559
2022-08-14 16:13:21,ุงูุซุงูู ุงูุงุนุฏุงุฏู,ุฑุจูุง,"ุฏุจูููุฉ ุงูุจุฑูุฌุฉ ุงููุชุฎุตุตุฉ, ููุฑุณ ุงููุบุฉ ุงูุฅูุฌููุฒูุฉ",Facebook,ุงููุฑู,,4560
2022-08-14 16:24:37,ุงูุณุงุฏุณ ุงูุงุจุชุฏุงุฆู,ูุนู,ุงููุณุชูุดู ุงูุตุบูุฑ,ุงููุช,ุงูููุตูุฑุฉ,,4561
2022-08-14 17:56:35,ุฃููู ูููู,ูุนู,ููุฑุณ ุงููุบุฉ ุงูุฅูุฌููุฒูุฉ,ุงูุงุตุฏูุงุก,ูุฏููู ุงููููู /ูุตุฑ,,4562
2022-08-14 18:06:19,ุฑุงุจุนู ูููู,ุฑุจูุง,"ุงููุฏุฑุณุฉ ุงูุงูููุงูู, ุฏุจูููุฉ ุงูุจุฑูุฌุฉ ุงููุชุฎุตุตุฉ, ููุฑุณ ุงููุบุฉ ุงูุฅูุฌููุฒูุฉ, ุฏุจูููุฉ ุงูุฏูุฌุชุงู ูุงุฑูุชูุฌ, ุฏุจูููุฉ ุงูุฌุฑุงููุณ, ูุจุฏุงุฆ ุงูุจุฑูุฌุฉ ุงูุชุฃุณูุณูุฉ",ูู ุงูููุณ ุจูู,ุจูุฑุณุนูุฏ,,4563
2022-08-14 19:51:25,ุชูููุฏู,ูุนู,ุงููุงุนุฏุฉ ุงูููุฑุงููุฉ,ููุณ ุจูู,ุงูุณุนูุฏูู ุงูุฏูุงู,,4564
2022-08-14 20:46:44,ููุณุงูุณ ุขุฏุงุจ ูุณู ููุชุจุงุช,ูุนู,ุฏุจูููุฉ ุงูุจุฑูุฌุฉ ุงููุชุฎุตุตุฉ,ุจูุณุช,ุงููููุง,,4565
2022-08-14 21:49:24,ุงูุตู ุงูุณุงุฏุณ ุงูุงุจุชุฏุงุฆู,ูุนู,"ุฏุจูููุฉ ุงูุฏูุฌุชุงู ูุงุฑูุชูุฌ, ุงููุงุฑุฆ ุงููุซูู",ููุณุจูู,ูุตุฑ,,4566
2022-08-14 22:05:07,ุงูุตู ุงูุงูู ุงูุงุนุฏุงุฏู,ุฑุจูุง,ูุจุฏุงุฆ ุงูุจุฑูุฌุฉ ุงูุชุฃุณูุณูุฉ,ูู ุงูููุณ ุจูู,ุงูุฌูุฒู ููุตู,,4567
2022-08-14 22:13:09,ุงููู ุฌุงูุนุฉ,ูุนู,"ููุฑุณ ุงููุบุฉ ุงูุฅูุฌููุฒูุฉ, ุฏุจูููุฉ ุงูุฌุฑุงููุณ, ูุจุฏุงุฆ ุงูุจุฑูุฌุฉ ุงูุชุฃุณูุณูุฉ",ุนู ุทุฑูู ุตุฏูู ูู,ุจูู ุณููู,,4568
2022-08-14 23:18:25,ูุฌู ุชู,ุฑุจูุง,"ุงููุณุชูุดู ุงูุตุบูุฑ, ุงููุงุนุฏุฉ ุงูููุฑุงููุฉ",ูู ุงุนูุงู,ุจููุง ููููุจูุฉ,,4569
2022-08-15 00:41:31,ุงูุงูู ุงูุซุงููู,ูุนู,ุฏุจูููุฉ ุงูุจุฑูุฌุฉ ุงููุชุฎุตุตุฉ,ูุง ุงููู,ุงููุฑุงู ุจุงูุฌูุฒุฉ,,4570
2022-08-15 01:20:24,ุงูุซุงูุช ุงูุซุงููู,ูุนู,"ุฏุจูููุฉ ุงูุจุฑูุฌุฉ ุงููุชุฎุตุตุฉ, ููุฑุณ ุงููุบุฉ ุงูุฅูุฌููุฒูุฉ, ุฏุจูููุฉ ุงูุฌุฑุงููุณ, ุงููุณุชูุดู ุงูุตุบูุฑ",ุตุฏููู,ูุทุฑูุญ,,4571
2022-08-15 04:55:58,ุจูุงููุฑููุณ ุชุฌุงุฑุฉ,ุฑุจูุง,ุฏุจูููุฉ ุงูุจุฑูุฌุฉ ุงููุชุฎุตุตุฉ,ุตุฏูู,ุทูุทุง,,4572
2022-08-15 06:20:12,ุฏุจููู ุตูุงุนู,ุฑุจูุง,"ุฏุจูููุฉ ุงูุจุฑูุฌุฉ ุงููุชุฎุตุตุฉ, ููุฑุณ ุงููุบุฉ ุงูุฃููุงููุฉ, ุฏุจูููุฉ ุงูุฌุฑุงููุณ, ูุจุฏุงุฆ ุงูุจุฑูุฌุฉ ุงูุชุฃุณูุณูุฉ, ุงููุณุชูุดู ุงูุตุบูุฑ",ุงูููุณ ุจูู,ุจูู ุณููู,,4573
2022-08-15 08:49:58,ูู ุฌู 1,ูุง,"ุงูุฑูุงุถูุงุช ( ุงููุงุชูููู ), ุงููุณุชูุดู ุงูุตุบูุฑ, ุงููุงุนุฏุฉ ุงูููุฑุงููุฉ",ููุณุจูู,ูุฏููู ุงูุงูู ุงูุจุงุจู,,4574
2022-08-15 09:08:14,ุงูุซุงูุซ ุงูุงุนุฏุงุฏู,ูุนู,"ุฏุจูููุฉ ุงูุฌุฑุงููุณ, ูุจุฏุงุฆ ุงูุจุฑูุฌุฉ ุงูุชุฃุณูุณูุฉ",ุงูููุณ,ุทูุทุง,,4575
2022-08-15 09:17:22,Grade7,ูุนู,ุฏุจูููุฉ ุงูุฌุฑุงููุณ,ููุณ ุจูู,ููุช ุบูุฑ,,4576
2022-08-15 10:13:59,ุงูุตู ุงูุซุงูู ุงูุซุงููู,ูุนู,"ุงููุฏุฑุณุฉ ุงูุงูููุงูู, ุฏุจูููุฉ ุงูุจุฑูุฌุฉ ุงููุชุฎุตุตุฉ, ููุฑุณ ุงููุบุฉ ุงูุฅูุฌููุฒูุฉ, ุฏุจูููุฉ ุงูุฏูุฌุชุงู ูุงุฑูุชูุฌ, ูุจุฏุงุฆ ุงูุจุฑูุฌุฉ ุงูุชุฃุณูุณูุฉ, ุงูุฑูุงุถูุงุช ( ุงููุงุชูููู ), ุงููุณุชูุดู ุงูุตุบูุฑ",ุงูููุณ ุจูู,ุงูุดุฑููุฉ,,4577
2022-08-15 11:34:27,ุงูุซุงูู ุงูุงุนุฏุงุฏู,ุฑุจูุง,ุฏุจูููุฉ ุงูุจุฑูุฌุฉ ุงููุชุฎุตุตุฉ,ุงูููุณ ุจูู,ุงููุญูู ุงููุจุฑู ุบุฑุจูู,,4578
2022-08-15 14:53:53,ุงูุตู ุงูุฑุงุจุน ุงูุงุจุชุฏุงุฆู,ูุนู,"ุฏุจูููุฉ ุงูุจุฑูุฌุฉ ุงููุชุฎุตุตุฉ, ููุฑุณ ุงููุบุฉ ุงูุฅูุฌููุฒูุฉ, ุฏุจูููุฉ ุงูุฏูุฌุชุงู ูุงุฑูุชูุฌ, ูุจุฏุงุฆ ุงูุจุฑูุฌุฉ ุงูุชุฃุณูุณูุฉ, ุงููุณุชูุดู ุงูุตุบูุฑ",ุงูููุณ ุจูู,ุงูููุงุทุฑ ุงูุฎูุฑูุฉ ุงูููููุจูู,,4579
2022-08-16 05:35:54,ุงูุงูู ุงูุซุงููู,ูุนู,"ุฏุจูููุฉ ุงูุจุฑูุฌุฉ ุงููุชุฎุตุตุฉ, ุฏุจูููุฉ ุงูุฏูุฌุชุงู ูุงุฑูุชูุฌ, ุฏุจูููุฉ ุงูุฌุฑุงููุณ, ูุจุฏุงุฆ ุงูุจุฑูุฌุฉ ุงูุชุฃุณูุณูุฉ",Facebook,Haram,,4580
2022-08-16 09:06:18,ุชุงูุชุฉ ุงุนุฏุงุฏู,ูุนู,"ุฏุจูููุฉ ุงูุจุฑูุฌุฉ ุงููุชุฎุตุตุฉ, ูุจุฏุงุฆ ุงูุจุฑูุฌุฉ ุงูุชุฃุณูุณูุฉ",facebook,ุงูุชุฌูุน ุงูุฎุงูุณ,,4581
2022-08-16 10:51:58,ุงูุตู ุงูุซุงูู ุงูุงุนุฏุงุฏู,ูุนู,ุฏุจูููุฉ ุงูุจุฑูุฌุฉ ุงููุชุฎุตุตุฉ,ููุณ ุจูู,ุงูุฌูุฒุฉ ุงูุจุงุจุฉ,,4582
2022-08-16 14:04:53,ุงูุซุงูุซ ุงูุงุจุชุฏุงุฆู,ูุนู,ุงููุงุนุฏุฉ ุงูููุฑุงููุฉ,ุงูููุณ ุจูู,ุงูุฒูุงุฒูู,,4583
2022-08-16 15:59:10,ุงูุฑุงุจุน ุงูุงุจุชุฏุงุฆู,ูุนู,"ุงููุฏุฑุณุฉ ุงูุงูููุงูู, ุฏุจูููุฉ ุงูุจุฑูุฌุฉ ุงููุชุฎุตุตุฉ, ููุฑุณ ุงููุบุฉ ุงูุฅูุฌููุฒูุฉ, ุฏุจูููุฉ ุงูุฌุฑุงููุณ, ูุจุฏุงุฆ ุงูุจุฑูุฌุฉ ุงูุชุฃุณูุณูุฉ, ุงููุงุฑุฆ ุงููุซูู, ุงูุฑูุงุถูุงุช ( ุงููุงุชูููู ), ุงููุณุชูุดู ุงูุตุบูุฑ, ุงููุงุนุฏุฉ ุงูููุฑุงููุฉ",ุงูููุณ ุจูู,ุงููููููู,,4584
2022-08-16 21:24:47,ุงูุงูู ุงูุงุนุฏุงุฏู,ูุนู,"ุฏุจูููุฉ ุงูุฏูุฌุชุงู ูุงุฑูุชูุฌ, ุฏุจูููุฉ ุงูุฌุฑุงููุณ, ูุจุฏุงุฆ ุงูุจุฑูุฌุฉ ุงูุชุฃุณูุณูุฉ",ูู ุนูู ุงูููุณุจูู,ููููุจ ุงูููููุจูู,,4585
2022-08-17 10:33:36,ุงูุตู ุงูุซุงูุซ ุงูุงุนุฏุงุฏู,ูุนู,"ุงููุฏุฑุณุฉ ุงูุงูููุงูู, ูุจุฏุงุฆ ุงูุจุฑูุฌุฉ ุงูุชุฃุณูุณูุฉ",ุงูููุณ ุจูู,ุงููุงูุฑุฉ ุงูุณูุฏุฉ ุฒููุจ,,4586
2022-08-17 13:01:24,ุงุจุชุฏุงุฆู,ูุนู,"ููุฑุณ ุงููุบุฉ ุงูุฃููุงููุฉ, ุงููุณุชูุดู ุงูุตุบูุฑ",,ุงุณูุงุนููุฉ,,4587
2022-08-17 13:17:17,Kg1,ูุนู,ุงููุงุนุฏุฉ ุงูููุฑุงููุฉ,ุงูููุณุจูู,ุงููููู,,4588
2022-08-17 14:50:46,ุงูุตู ุงูุงูู ุงูุซุงููู ุงูููู,ูุนู,ูุจุฏุงุฆ ุงูุจุฑูุฌุฉ ุงูุชุฃุณูุณูุฉ,ูู ุงูุณูุดูุงู ููุฏูุง,ูุญุงูุธุฉ ุงูุณููุณ ูุณุงูู ุงููุณุชูุจู ูฃ,,4589
2022-08-17 15:34:09,ุฃููู ุซุงููู,ุฑุจูุง,ุฏุจูููุฉ ุงูุจุฑูุฌุฉ ุงููุชุฎุตุตุฉ,ููุณ ุจูู,ุงููุงูุฑุฉ ูุฏููุฉ ูุตุฑ,,4590
2022-08-17 16:36:11,ุชุงููู ุงุนุฏุงุฏู,ุฑุจูุง,"ุฏุจูููุฉ ุงูุจุฑูุฌุฉ ุงููุชุฎุตุตุฉ, ุฏุจูููุฉ ุงูุฏูุฌุชุงู ูุงุฑูุชูุฌ, ููุฑุณ ุงููุบุฉ ุงูุฃููุงููุฉ, ุฏุจูููุฉ ุงูุฌุฑุงููุณ, ูุจุฏุงุฆ ุงูุจุฑูุฌุฉ ุงูุชุฃุณูุณูุฉ",Facebook,ุงูุฅุณูุงุนูููุฉ,,4591
2022-08-17 18:02:54,ุงูุตู ุงูุงูู ุงูุซุงููู,ูุนู,"ุงููุฏุฑุณุฉ ุงูุงูููุงูู, ุฏุจูููุฉ ุงูุจุฑูุฌุฉ ุงููุชุฎุตุตุฉ, ููุฑุณ ุงููุบุฉ ุงูุฅูุฌููุฒูุฉ, ุฏุจูููุฉ ุงูุฏูุฌุชุงู ูุงุฑูุชูุฌ, ููุฑุณ ุงููุบุฉ ุงูุฃููุงููุฉ, ุฏุจูููุฉ ุงูุฌุฑุงููุณ, ูุจุฏุงุฆ ุงูุจุฑูุฌุฉ ุงูุชุฃุณูุณูุฉ, ุงููุงุฑุฆ ุงููุซูู, ุงูุฑูุงุถูุงุช ( ุงููุงุชูููู ), ุงููุณุชูุดู ุงูุตุบูุฑ, ุงููุงุนุฏุฉ ุงูููุฑุงููุฉ",ุงุนูุงู ูู ุงูููุณ ุจูู,ุงูุณูุฏุฉ ุฒููุจ,,4592
2022-08-17 19:14:22,ุซุงููู ุซุงููู,ูุนู,ุฏุจูููุฉ ุงูุจุฑูุฌุฉ ุงููุชุฎุตุตุฉ,ุงูุงูุชุฑูุช,ุญููุงู,,4593
2022-08-17 21:18:52,ุณุงุฏุณู,ูุนู,"ุงููุฏุฑุณุฉ ุงูุงูููุงูู, ุฏุจูููุฉ ุงูุจุฑูุฌุฉ ุงููุชุฎุตุตุฉ, ููุฑุณ ุงููุบุฉ ุงูุฅูุฌููุฒูุฉ, ุฏุจูููุฉ ุงูุฏูุฌุชุงู ูุงุฑูุชูุฌ, ููุฑุณ ุงููุบุฉ ุงูุฃููุงููุฉ, ุฏุจูููุฉ ุงูุฌุฑุงููุณ, ูุจุฏุงุฆ ุงูุจุฑูุฌุฉ ุงูุชุฃุณูุณูุฉ, ุงููุงุฑุฆ ุงููุซูู, ุงูุฑูุงุถูุงุช ( ุงููุงุชูููู ), ุงููุณุชูุดู ุงูุตุบูุฑ, ุงููุงุนุฏุฉ ุงูููุฑุงููุฉ",ุงูููุณ,Aswan,,4594
2022-08-17 21:37:07,ุงูุณุงุฏุณ ุงูุงุจุชุฏุงุฆู,ูุนู,"ุฏุจูููุฉ ุงูุจุฑูุฌุฉ ุงููุชุฎุตุตุฉ, ูุจุฏุงุฆ ุงูุจุฑูุฌุฉ ุงูุชุฃุณูุณูุฉ",ููุณ,ูุญุงูุธู ููุง,,4595
2022-08-17 23:24:39,ุงูุฎุงูุณ ุงูุงุจุชุฏุงุฆู,ูุนู,"ุฏุจูููุฉ ุงูุจุฑูุฌุฉ ุงููุชุฎุตุตุฉ, ูุจุฏุงุฆ ุงูุจุฑูุฌุฉ ุงูุชุฃุณูุณูุฉ",ุงูุณูุดุงู ููุฏูุง,ููุฑุงูุดูุฎ,,4596
2022-08-17 23:26:45,ุงูุตู ุงูุซุงูู ุงูุงุนุฏุงุฏู,ูุนู,"ุฏุจูููุฉ ุงูุจุฑูุฌุฉ ุงููุชุฎุตุตุฉ, ุฏุจูููุฉ ุงูุฌุฑุงููุณ",ุงูุณูุดุงู ููุฏูุง,ููุฑุงูุดูุฎ,,4597
2022-08-17 23:41:38,ูู ุฌู ุชู,ูุนู,ุงููุงุนุฏุฉ ุงูููุฑุงููุฉ,ุฅุนูุงู ูููู,ุดุจุฑุง ุงูุฎููู,,4598
2022-08-18 06:29:00,Fs2,ูุนู,"ุฏุจูููุฉ ุงูุจุฑูุฌุฉ ุงููุชุฎุตุตุฉ, ููุฑุณ ุงููุบุฉ ุงูุฅูุฌููุฒูุฉ, ูุจุฏุงุฆ ุงูุจุฑูุฌุฉ ุงูุชุฃุณูุณูุฉ, ุงููุณุชูุดู ุงูุตุบูุฑ",Fb,Elsherouk,,4599
2022-08-18 08:23:57,ุงููู ุงุนุฏุงุฏู,ูุนู,"ุงููุฏุฑุณุฉ ุงูุงูููุงูู, ููุฑุณ ุงููุบุฉ ุงูุฅูุฌููุฒูุฉ, ุฏุจูููุฉ ุงูุฌุฑุงููุณ, ูุจุฏุงุฆ ุงูุจุฑูุฌุฉ ุงูุชุฃุณูุณูุฉ, ุงููุงุฑุฆ ุงููุซูู, ุงูุฑูุงุถูุงุช ( ุงููุงุชูููู ), ุงููุณุชูุดู ุงูุตุบูุฑ, ุงููุงุนุฏุฉ ุงูููุฑุงููุฉ",Facebook,ุงูุดุงุทุจู ุงูุงุณููุฏุฑูู,,4600
2022-08-18 10:39:14,ุงูุงูู ุงูุซุงููู,ูุนู,"ุฏุจูููุฉ ุงูุจุฑูุฌุฉ ุงููุชุฎุตุตุฉ, ูุจุฏุงุฆ ุงูุจุฑูุฌุฉ ุงูุชุฃุณูุณูุฉ",ุงูููุณ,ุงูุชูุจุฑ,,4601
2022-08-18 11:23:06,ุงูุตู ุงูุซุงูู ุงูุงุนุฏุงุฏู,ุฑุจูุง,"ุฏุจูููุฉ ุงูุจุฑูุฌุฉ ุงููุชุฎุตุตุฉ, ุฏุจูููุฉ ุงูุฌุฑุงููุณ",ููุณ ุจูู,ุงูุดูุฎ ุฒุงูุฏ,,4602
2022-08-18 11:31:20,ุงูุตู ุงูุณุงุฏุณ ุงูุงุจุชุฏุงุฆู,ุฑุจูุง,"ุฏุจูููุฉ ุงูุจุฑูุฌุฉ ุงููุชุฎุตุตุฉ, ุฏุจูููุฉ ุงูุฌุฑุงููุณ",ููุณ ุจูู,ุงูุดูุฎ ุฒุงูุฏ,,4603
2022-08-18 13:43:43,ุฌุฑูุฏ ูฃ,ูุนู,"ุฏุจูููุฉ ุงูุจุฑูุฌุฉ ุงููุชุฎุตุตุฉ, ุฏุจูููุฉ ุงูุฏูุฌุชุงู ูุงุฑูุชูุฌ, ุฏุจูููุฉ ุงูุฌุฑุงููุณ, ูุจุฏุงุฆ ุงูุจุฑูุฌุฉ ุงูุชุฃุณูุณูุฉ, ุงููุงุฑุฆ ุงููุซูู, ุงููุณุชูุดู ุงูุตุบูุฑ",ููุณ ุจูู,1,,4604
2022-08-18 14:29:48,ุงููู ุงุนุฏุงุฏู,ูุนู,ุฏุจูููุฉ ุงูุฌุฑุงููุณ,Facebook,ุณูุฏู ุจุดุฑ ุงูุงุณููุฏุฑูู,,4605
2022-08-18 15:45:56,Primary 2,ูุนู,"ููุฑุณ ุงููุบุฉ ุงูุฃููุงููุฉ, ุงููุงุนุฏุฉ ุงูููุฑุงููุฉ",Friend,Heliopolis,,4606
2022-08-18 16:17:52,ุงูุตู ุงูุณุงุฏุณ,ุฑุจูุง,ุฏุจูููุฉ ุงูุจุฑูุฌุฉ ุงููุชุฎุตุตุฉ,ุงูููุณ ุจูู,ุงููุงูุฑู,,4607
2022-08-18 20:25:10,ุฎุฑูุฌ,ุฑุจูุง,"ุงููุฏุฑุณุฉ ุงูุงูููุงูู, ุฏุจูููุฉ ุงูุจุฑูุฌุฉ ุงููุชุฎุตุตุฉ, ุฏุจูููุฉ ุงูุฏูุฌุชุงู ูุงุฑูุชูุฌ",ููุณ ุจูู,ุดุจุฑุง,,4608
2022-08-18 21:06:31,ุงูุตู ุงูุฎุงูุณ ุงูุงุจุชุฏุงุฆู,ูุนู,"ุฏุจูููุฉ ุงูุจุฑูุฌุฉ ุงููุชุฎุตุตุฉ, ููุฑุณ ุงููุบุฉ ุงูุฅูุฌููุฒูุฉ, ุงูุฑูุงุถูุงุช ( ุงููุงุชูููู )",ุงูููุณุจูู ุฎูุฑ ุฃู ุดุงุก ุงููู,ูุญูู ูุณูุฑ,,4609
2022-08-19 00:29:19,ุฃููู ุซุงููู,ุฑุจูุง,ุฏุจูููุฉ ุงูุจุฑูุฌุฉ ุงููุชุฎุตุตุฉ,,ุงูุฒูุงุฒูู,,4610
2022-08-19 03:27:31,ุฌููููุฑ ูค,ูุนู,"ุฏุจูููุฉ ุงูุจุฑูุฌุฉ ุงููุชุฎุตุตุฉ, ุงููุณุชูุดู ุงูุตุบูุฑ",ููุณ,ูุญุฑู ุจู ุงุณููุฏุฑูุฉ,,4611
2022-08-19 03:29:17,ุงูุตู ุงูุณุงุฏุณ ุงูุงุจุชุฏุงุฆู,ุฑุจูุง,ุฏุจูููุฉ ุงูุจุฑูุฌุฉ ุงููุชุฎุตุตุฉ,ููุณ ุจูู,ูููุฉ ุงูุฒุฑุงุนู ุดุจุฑุง ุงูุฎููู ุจุฌูุงุฑ ุงูุฅุฏุงุฑุฉ ุงูุชุนููููู,,4612
2022-08-19 09:08:50,Gr 8,ูุนู,ุฏุจูููุฉ ุงูุจุฑูุฌุฉ ุงููุชุฎุตุตุฉ,Facebook,ุงูุงุณููุฏุฑูู,,4613
2022-08-19 09:46:11,Prep 2,ูุนู,"ุฏุจูููุฉ ุงูุฌุฑุงููุณ, ูุจุฏุงุฆ ุงูุจุฑูุฌุฉ ุงูุชุฃุณูุณูุฉ",ุงูููุณุจูู,ุทูุทุง ุงูุบุฑุจูุฉ,,4614
2022-08-19 10:39:38,ุงูุณุงุฏุณ ุงูุงุจุชุฏุงุฆู,ูุนู,"ุฏุจูููุฉ ุงูุจุฑูุฌุฉ ุงููุชุฎุตุตุฉ, ุฏุจูููุฉ ุงูุฏูุฌุชุงู ูุงุฑูุชูุฌ, ูุจุฏุงุฆ ุงูุจุฑูุฌุฉ ุงูุชุฃุณูุณูุฉ",ุงูููุณ ุจูู,ุงููุงูุฑุฉ,,4615
2022-08-19 10:46:55,5,ูุนู,"ุฏุจูููุฉ ุงูุจุฑูุฌุฉ ุงููุชุฎุตุตุฉ, ุฏุจูููุฉ ุงูุฏูุฌุชุงู ูุงุฑูุชูุฌ, ุฏุจูููุฉ ุงูุฌุฑุงููุณ, ูุจุฏุงุฆ ุงูุจุฑูุฌุฉ ุงูุชุฃุณูุณูุฉ",facebook,El monofiya,,4616
2022-08-19 11:53:26,ุฃููู ุงุนุฏุงุฏู,ุฑุจูุง,ุฏุจูููุฉ ุงูุฌุฑุงููุณ,ุงุนูุงู,ูุฏููุฉ ุงููุณุชูุจู,,4617
2022-08-19 13:18:35,ุงูุงูู ุงูุซุงููู,ูุนู,ุงูุฑูุงุถูุงุช ( ุงููุงุชูููู ),ุงูููุณุจูู,ุงูุนุงุดุฑ ูู ุฑูุถุงู,,4618
2022-08-19 13:29:19,ุชุงููุฉ ุงุนุฏุงุฏู,ุฑุจูุง,"ุฏุจูููุฉ ุงูุจุฑูุฌุฉ ุงููุชุฎุตุตุฉ, ูุจุฏุงุฆ ุงูุจุฑูุฌุฉ ุงูุชุฃุณูุณูุฉ",Facebook,Helwan,,4619
2022-08-19 17:57:37,Junior5,ูุนู,"ุฏุจูููุฉ ุงูุจุฑูุฌุฉ ุงููุชุฎุตุตุฉ, ูุจุฏุงุฆ ุงูุจุฑูุฌุฉ ุงูุชุฃุณูุณูุฉ",Net,Alex,,4620
2022-08-19 20:20:22,ุฎูุต ูฃ ุซุงููู ุนุงู,ูุนู,"ููุฑุณ ุงููุบุฉ ุงูุฅูุฌููุฒูุฉ, ูุจุฏุงุฆ ุงูุจุฑูุฌุฉ ุงูุชุฃุณูุณูุฉ",ููุณ,ุฏููุงุท,,4621
2022-08-19 20:38:57,ุงูุฃูู ุงูุซุงููู,ูุนู,"ุงููุฏุฑุณุฉ ุงูุงูููุงูู, ูุจุฏุงุฆ ุงูุจุฑูุฌุฉ ุงูุชุฃุณูุณูุฉ, ุงููุงุฑุฆ ุงููุซูู, ุงููุณุชูุดู ุงูุตุบูุฑ",ูู ุงูููุชููุจ,ูุงูู,,4622
2022-08-19 20:57:40,ุงูุตู ุงูุซุงูู ุงูุซุงููู,ูุนู,"ุฏุจูููุฉ ุงูุจุฑูุฌุฉ ุงููุชุฎุตุตุฉ, ููุฑุณ ุงููุบุฉ ุงูุฅูุฌููุฒูุฉ, ุฏุจูููุฉ ุงูุฏูุฌุชุงู ูุงุฑูุชูุฌ, ูุจุฏุงุฆ ุงูุจุฑูุฌุฉ ุงูุชุฃุณูุณูุฉ",ุนู ุทุฑูู ุงูุงูุงุฑุจ,ุงูุงุณููุฏุฑูู,,4623
2022-08-19 23:56:38,ุงูุงูู ุงูุซุงููู,ูุนู,"ุงููุฏุฑุณุฉ ุงูุงูููุงูู, ุฏุจูููุฉ ุงูุจุฑูุฌุฉ ุงููุชุฎุตุตุฉ, ููุฑุณ ุงููุบุฉ ุงูุฅูุฌููุฒูุฉ, ุฏุจูููุฉ ุงูุฏูุฌุชุงู ูุงุฑูุชูุฌ, ุฏุจูููุฉ ุงูุฌุฑุงููุณ, ูุจุฏุงุฆ ุงูุจุฑูุฌุฉ ุงูุชุฃุณูุณูุฉ, ุงููุงุฑุฆ ุงููุซูู, ุงูุฑูุงุถูุงุช ( ุงููุงุชูููู ), ุงููุณุชูุดู ุงูุตุบูุฑ, ุงููุงุนุฏุฉ ุงูููุฑุงููุฉ",ุงููู,ุงูุงูุตุฑ,,4624
2022-08-20 00:55:59,ุงูุฃูู ุงูุงุนุฏุงุฏู,ุฑุจูุง,ูุจุฏุงุฆ ุงูุจุฑูุฌุฉ ุงูุชุฃุณูุณูุฉ,ุงูููุณ ุจูู,ููุตู ุงูุฌูุฒู,,4625
2022-08-20 09:19:15,ุงููู ุงุนุฏุงุฏู,ุฑุจูุง,"ุฏุจูููุฉ ุงูุจุฑูุฌุฉ ุงููุชุฎุตุตุฉ, ููุฑุณ ุงููุบุฉ ุงูุฅูุฌููุฒูุฉ",ููุณุจูู,ุงูุจุญูุฑุฉ,,4626
2022-08-20 10:39:00,ุงูุตู ุงูุฃูู ุงูุฅุนุฏุงุฏู,ุฑุจูุง,ุฏุจูููุฉ ุงูุฌุฑุงููุณ,ูู ุงูููุณ,ุงูุงุณููุฏุฑููุ ุดุงุฑุน ุงูููู ุญูููุ ุจุฌูุงุฑ ุงูุณูู ุงูุญุฏูุฏุ ุจุฑุฌ ูุนุงุฐ ุจู ุฌุจู ุงูุฏูุฑ ูกูฃ ุจุฌูุงุฑ ุงุจู ููููู ุงููุจุงู,,4627
2022-08-20 11:34:15,ุงูุตู ุงูุงูู ุงูุซุงููู,ูุนู,"ุงููุฏุฑุณุฉ ุงูุงูููุงูู, ุงููุณุชูุดู ุงูุตุบูุฑ",ูู ุงูููุณ ุจูู,ูุญุงูุธุฉ ุงุณููุท,,4628
2022-08-20 11:38:54,ุงูุตู ุงูุฑุงุจุน ุงูุงุจุชุฏุงุฆู,ูุนู,"ุงููุณุชูุดู ุงูุตุบูุฑ, ุงููุงุนุฏุฉ ุงูููุฑุงููุฉ",ุงูููุณ ุจูู,ุณููุงุฌ,,4629
2022-08-20 11:39:03,Grade 5,ูุนู,ุฏุจูููุฉ ุงูุจุฑูุฌุฉ ุงููุชุฎุตุตุฉ,,,,4630
2022-08-20 12:28:53,ุงูุงูู ุงูุซุงููู,ูุนู,"ุฏุจูููุฉ ุงูุจุฑูุฌุฉ ุงููุชุฎุตุตุฉ, ููุฑุณ ุงููุบุฉ ุงูุฅูุฌููุฒูุฉ, ุฏุจูููุฉ ุงูุฏูุฌุชุงู ูุงุฑูุชูุฌ, ููุฑุณ ุงููุบุฉ ุงูุฃููุงููุฉ, ุฏุจูููุฉ ุงูุฌุฑุงููุณ",ุงุนูุงู,ุงูุดูุฎ ุฒุงูุฏ ุงูุญู ุงูุซุงูุซ,,4631
2022-08-20 15:01:33,ุงูุตู ุงูุฑุงุจุน,ูุนู,"ุงููุฏุฑุณุฉ ุงูุงูููุงูู, ุฏุจูููุฉ ุงูุจุฑูุฌุฉ ุงููุชุฎุตุตุฉ, ููุฑุณ ุงููุบุฉ ุงูุฅูุฌููุฒูุฉ, ุฏุจูููุฉ ุงูุฏูุฌุชุงู ูุงุฑูุชูุฌ, ููุฑุณ ุงููุบุฉ ุงูุฃููุงููุฉ, ุฏุจูููุฉ ุงูุฌุฑุงููุณ, ูุจุฏุงุฆ ุงูุจุฑูุฌุฉ ุงูุชุฃุณูุณูุฉ, ุงููุงุฑุฆ ุงููุซูู, ุงูุฑูุงุถูุงุช ( ุงููุงุชูููู ), ุงููุณุชูุดู ุงูุตุบูุฑ, ุงููุงุนุฏุฉ ุงูููุฑุงููุฉ",Facebook,2023-05-15 00:00:00,,4632
2022-08-20 19:33:10,ุงููู ุซุงููู,ูุนู,ุฏุจูููุฉ ุงูุจุฑูุฌุฉ ุงููุชุฎุตุตุฉ,ููุณุจูู,Sohag,,4633
2022-08-20 20:58:34,ุงูุตู ุงูุงูู ุงูุงุนุฏุงุฏู,ุฑุจูุง,"ุฏุจูููุฉ ุงูุจุฑูุฌุฉ ุงููุชุฎุตุตุฉ, ุฏุจูููุฉ ุงูุฏูุฌุชุงู ูุงุฑูุชูุฌ, ูุจุฏุงุฆ ุงูุจุฑูุฌุฉ ุงูุชุฃุณูุณูุฉ, ุงููุงุฑุฆ ุงููุซูู, ุงููุณุชูุดู ุงูุตุบูุฑ, ุงููุงุนุฏุฉ ุงูููุฑุงููุฉ",ุณูุดูุงู ููุฏูุง,ูุญุงูุธุฉ ุจูู ุณููู,,4634
2022-08-20 21:06:53,ุงููู ุซุงููู,ูุนู,"ููุฑุณ ุงููุบุฉ ุงูุฅูุฌููุฒูุฉ, ูุจุฏุงุฆ ุงูุจุฑูุฌุฉ ุงูุชุฃุณูุณูุฉ, ุงูุฑูุงุถูุงุช ( ุงููุงุชูููู ), ุงููุณุชูุดู ุงูุตุบูุฑ",,ุฏููุงุท,,4635
2022-08-20 22:53:35,Kg2,ูุนู,"ุฏุจูููุฉ ุงูุจุฑูุฌุฉ ุงููุชุฎุตุตุฉ, ุฏุจูููุฉ ุงูุฏูุฌุชุงู ูุงุฑูุชูุฌ, ูุจุฏุงุฆ ุงูุจุฑูุฌุฉ ุงูุชุฃุณูุณูุฉ, ุงููุงุฑุฆ ุงููุซูู, ุงููุณุชูุดู ุงูุตุบูุฑ, ุงููุงุนุฏุฉ ุงูููุฑุงููุฉ",ูู ุงุนูุงู ุงูููุณุจูู,ุงูุฅุณููุฏุฑูู,,4636
2022-08-21 01:12:19,ูขุจ,ูุนู,ุงููุงุนุฏุฉ ุงูููุฑุงููุฉ,,ูุฏููุฉ ูุตุฑ,,4637
2022-08-21 05:28:44,ุฌุฑูุฏ 9,ูุนู,ูุจุฏุงุฆ ุงูุจุฑูุฌุฉ ุงูุชุฃุณูุณูุฉ,ูู ุงูููุณ ุจูู,",ุจูุฑุณุนูุฏ",,4638
2022-08-21 07:43:15,ุชุงููุฉ ุงุจุชุฏุงุฆู,ูุนู,ุงููุงุนุฏุฉ ุงูููุฑุงููุฉ,ูู ุงูููุณ ุจูู,ุดูุฑุงุชูู,,4639
2022-08-21 14:10:58,ุงูุตู ุงูุณุงุฏุณ ุงูุงุจุชุฏุงุฆู,ูุนู,ูุจุฏุงุฆ ุงูุจุฑูุฌุฉ ุงูุชุฃุณูุณูุฉ,ุงูููุณุจูู,ุฏููุงุท/ุฏููุงุท ุงูุฌุฏูุฏุฉ,,4640
2022-08-21 14:43:47,ุงูุณุงุฏุณุงูุงุจุชุฏุงุฆู,ูุนู,"ุฏุจูููุฉ ุงูุจุฑูุฌุฉ ุงููุชุฎุตุตุฉ, ูุจุฏุงุฆ ุงูุจุฑูุฌุฉ ุงูุชุฃุณูุณูุฉ",ุงูููุณ ุจูู,ููุฉ ุงูููุฑูุฉ,,4641
2022-08-21 16:23:02,ุงูุงูู ุงููุชูุณุท,ูุนู,"ููุฑุณ ุงููุบุฉ ุงูุฅูุฌููุฒูุฉ, ููุฑุณ ุงููุบุฉ ุงูุฃููุงููุฉ, ูุจุฏุงุฆ ุงูุจุฑูุฌุฉ ุงูุชุฃุณูุณูุฉ, ุงููุงุฑุฆ ุงููุซูู",ุงูููุณ ุจูู,ุงูุทุงุฆู ุงูุณุนูุฏูู,,4642
2022-08-21 17:01:29,13ุณูู,ูุนู,,ุนู ุทุฑูู ุงูููุณ ุจูู,ุงูุนุจูุฑ ุงูุณููุณ,,4643
2022-08-21 21:19:38,ูุชุฎุฑุฌู,ุฑุจูุง,"ุฏุจูููุฉ ุงูุฏูุฌุชุงู ูุงุฑูุชูุฌ, ุฏุจูููุฉ ุงูุฌุฑุงููุณ, ูุจุฏุงุฆ ุงูุจุฑูุฌุฉ ุงูุชุฃุณูุณูุฉ, ุงููุงุฑุฆ ุงููุซูู",ุงูููุณ,,,4644
2022-08-21 21:39:45,ุฃููู ุงุจุชุฏุงุฆู,ุฑุจูุง,,Facebook,,,4645
2022-08-21 22:11:34,3 ุงุนุฏุงุฏู,ุฑุจูุง,"ุฏุจูููุฉ ุงูุฌุฑุงููุณ, ูุจุฏุงุฆ ุงูุจุฑูุฌุฉ ุงูุชุฃุณูุณูุฉ, ุงููุงุฑุฆ ุงููุซูู",ุงุฎุชู ๐,ุทูุทุง,,4646
2022-08-21 22:30:42,ุงููู ุงุนุฏุงุฏู,ุฑุจูุง,"ุฏุจูููุฉ ุงูุจุฑูุฌุฉ ุงููุชุฎุตุตุฉ, ููุฑุณ ุงููุบุฉ ุงูุฅูุฌููุฒูุฉ, ุฏุจูููุฉ ุงูุฌุฑุงููุณ",ุงูููุณุจูู,ุงููููู,,4647
2022-08-22 00:53:25,ุงููู ุซุงููู,ุฑุจูุง,,ูุง ุงุนููู,,,4648
2022-08-22 01:15:06,ุงูุตู ุงูุซุงูู ุงูุงุนุฏุงุฏู,ูุนู,ุฏุจูููุฉ ุงูุจุฑูุฌุฉ ุงููุชุฎุตุตุฉ,ุงูููุณุจูู,ุงููุนุงุฏู,,4649
2022-08-22 01:34:31,ุงูุตู ุงูุณุงุฏุณ,ุฑุจูุง,"ุฏุจูููุฉ ุงูุจุฑูุฌุฉ ุงููุชุฎุตุตุฉ, ูุจุฏุงุฆ ุงูุจุฑูุฌุฉ ุงูุชุฃุณูุณูุฉ",ุงูููุณ ุจูู,ูุญุฑู ุจู ุงุณููุฏุฑูู,,4650
2022-08-22 01:36:58,ุงูุตู ุงูุฑุงุจุน,ุฑุจูุง,"ุฏุจูููุฉ ุงูุจุฑูุฌุฉ ุงููุชุฎุตุตุฉ, ูุจุฏุงุฆ ุงูุจุฑูุฌุฉ ุงูุชุฃุณูุณูุฉ",ููุณ ุจูู,ูุญุฑู ุจู ุงุณููุฏุฑูู,,4651
2022-08-22 06:00:38,ุงูุตู ุงูุงูู ุงูุงุจุชุฏุงุฆู,ูุนู,ุงููุงุนุฏุฉ ุงูููุฑุงููุฉ,ูู ุตุฏูู,ุงูููููุฉ ุงูุนุฑุจูุฉ ุงูุณุนูุฏูุฉ,,4652
2022-08-22 09:09:44,ุงูุตู ุงูุงูู ุงูุงุจุชุฏุงุฆู,ุฑุจูุง,"ุฏุจูููุฉ ุงูุจุฑูุฌุฉ ุงููุชุฎุตุตุฉ, ุฏุจูููุฉ ุงูุฌุฑุงููุณ, ูุจุฏุงุฆ ุงูุจุฑูุฌุฉ ุงูุชุฃุณูุณูุฉ, ุงูุฑูุงุถูุงุช ( ุงููุงุชูููู ), ุงููุณุชูุดู ุงูุตุบูุฑ",Facebook,ุจูุฑุณุนูุฏ,,4653
2022-08-22 10:49:18,ุงูุตู ุงูุซุงูุซ ุงูุซุงููู,ูุนู,"ุงููุฏุฑุณุฉ ุงูุงูููุงูู, ููุฑุณ ุงููุบุฉ ุงูุฅูุฌููุฒูุฉ, ูุจุฏุงุฆ ุงูุจุฑูุฌุฉ ุงูุชุฃุณูุณูุฉ",ููุณ ุจูู,ุงููุชูุจู ุจูุจูุณ ุดุฑููู,,4654
2022-08-22 11:06:34,ุงูุตู ุงูุซุงูู,ุฑุจูุง,"ุงููุณุชูุดู ุงูุตุบูุฑ, ุงููุงุนุฏุฉ ุงูููุฑุงููุฉ",ุงูููุณ,ุญููู,,4655
2022-08-22 11:25:07,ุฃููู ุซุงููู,ุฑุจูุง,"ุฏุจูููุฉ ุงูุจุฑูุฌุฉ ุงููุชุฎุตุตุฉ, ููุฑุณ ุงููุบุฉ ุงูุฅูุฌููุฒูุฉ",,ุงูุฅุณููุฏุฑูุฉ,,4656
2022-08-22 11:54:12,ุงูุตู ุงูุงูู ุงูุซุงููู,ูุนู,ุฏุจูููุฉ ุงูุจุฑูุฌุฉ ุงููุชุฎุตุตุฉ,Facebook,ุงูุชูุจุฑ,,4657
2022-08-22 12:25:08,ุงูุตู ุงูุซุงูู ุงูุงุจุชุฏุงุฆู,ุฑุจูุง,ูุจุฏุงุฆ ุงูุจุฑูุฌุฉ ุงูุชุฃุณูุณูุฉ,ุงุนูุงู ุน ุงููุช,ุงูุนุงุดุฑ ูู ุฑูุถุงู,,4658
2022-08-22 12:26:42,ุงูุตู ุงูุฎุงูุณ,ุฑุจูุง,ูุจุฏุงุฆ ุงูุจุฑูุฌุฉ ุงูุชุฃุณูุณูุฉ,ุงุนูุงู ุน ุงููุช,ุงูุนุงุดุฑ ูู ุฑูุถุงู,,4659
2022-08-22 13:06:46,ุงูุตู ุงูุงูู,ูุนู,"ุงููุณุชูุดู ุงูุตุบูุฑ, ุงููุงุนุฏุฉ ุงูููุฑุงููุฉ",ููุณุจูู,ุงูุงุฑุฏู,,4660
2022-08-22 15:25:49,ููุฌู 2,ูุนู,ุงููุงุนุฏุฉ ุงูููุฑุงููุฉ,ุงูููุณ,ุงููุงูุฑุฉ,,4661
2022-08-22 21:38:02,ุฌุฑูุฏูฅ,ูุนู,"ุฏุจูููุฉ ุงูุจุฑูุฌุฉ ุงููุชุฎุตุตุฉ, ุฏุจูููุฉ ุงูุฌุฑุงููุณ",ูู ุงูููุณ,ุงูุณุนูุฏูู,,4662
2022-08-22 22:22:02,ุงูุตู ุงูุซุงูู ุงูุซุงููู,ูุนู,"ุฏุจูููุฉ ุงูุจุฑูุฌุฉ ุงููุชุฎุตุตุฉ, ููุฑุณ ุงููุบุฉ ุงูุฅูุฌููุฒูุฉ, ููุฑุณ ุงููุบุฉ ุงูุฃููุงููุฉ",ููุณุจูู,ุงูุนุงุดุฑ ูู ุฑูุถุงู ูุฌุงูุฑู ูฆูค,,4663
2022-08-22 22:52:59,ุฌุฑูุฏ ูฅ,ูุนู,"ุฏุจูููุฉ ุงูุจุฑูุฌุฉ ุงููุชุฎุตุตุฉ, ุฏุจูููุฉ ุงูุฏูุฌุชุงู ูุงุฑูุชูุฌ, ุฏุจูููุฉ ุงูุฌุฑุงููุณ, ูุจุฏุงุฆ ุงูุจุฑูุฌุฉ ุงูุชุฃุณูุณูุฉ",ุงูููุณ,ุงูุณุนูุฏูู,,4664
2022-08-23 00:40:16,ุงูุตู ุงูุณุงุฏุณ ุงูุงุจุชุฏุงุฆู,ูุนู,"ุฏุจูููุฉ ุงูุจุฑูุฌุฉ ุงููุชุฎุตุตุฉ, ูุจุฏุงุฆ ุงูุจุฑูุฌุฉ ุงูุชุฃุณูุณูุฉ",,ูุฏููุฉ ุงูุนุจูุฑ,,4665
2022-08-23 04:28:11,ุงูุณุงุฏุณ ุงูุงุจุชุฏุงุฆู,ูุนู,"ุฏุจูููุฉ ุงูุจุฑูุฌุฉ ุงููุชุฎุตุตุฉ, ูุจุฏุงุฆ ุงูุจุฑูุฌุฉ ุงูุชุฃุณูุณูุฉ",ุงูููุณ ุจูู,ุงููุญูู ุงููุจุฑู,,4666
2022-08-23 05:55:57,ุงูุตู ุงูุฃูู ุงูุซุงููู,ูุนู,ุฏุจูููุฉ ุงูุฏูุฌุชุงู ูุงุฑูุชูุฌ,ููุณ ุจูู,ุดุจุฑุง,,4667
2022-08-23 07:59:50,Grade 7,ุฑุจูุง,ุฏุจูููุฉ ุงูุจุฑูุฌุฉ ุงููุชุฎุตุตุฉ,Face book,ุงูุงุณููุฏุฑูู,,4668
2022-08-23 11:51:41,ุฃููู ุซุงููู,ุฑุจูุง,"ุงููุฏุฑุณุฉ ุงูุงูููุงูู, ุฏุจูููุฉ ุงูุจุฑูุฌุฉ ุงููุชุฎุตุตุฉ, ููุฑุณ ุงููุบุฉ ุงูุฅูุฌููุฒูุฉ, ุฏุจูููุฉ ุงูุฌุฑุงููุณ, ูุจุฏุงุฆ ุงูุจุฑูุฌุฉ ุงูุชุฃุณูุณูุฉ, ุงููุงุฑุฆ ุงููุซูู, ุงูุฑูุงุถูุงุช ( ุงููุงุชูููู ), ุงููุณุชูุดู ุงูุตุบูุฑ",ููุณุจูู,ุงููุงูุฑุฉ,,4669
2022-08-23 12:28:49,ูก ูููู,ูุง,"ุฏุจูููุฉ ุงูุจุฑูุฌุฉ ุงููุชุฎุตุตุฉ, ุฏุจูููุฉ ุงูุฏูุฌุชุงู ูุงุฑูุชูุฌ, ูุจุฏุงุฆ ุงูุจุฑูุฌุฉ ุงูุชุฃุณูุณูุฉ",ุงุนูุงู,ุงูุฒูุงุฒูู ุงูุดุฑููู,,4670
2022-08-23 15:57:04,ุงูุตู ุงูุซุงูุซ ุงูุงุนุฏุงุฏู,ุฑุจูุง,,ูุณุงุฆู ุงูุชูุงุตู ุงูุงุฌุชูุงุนู,ุงูุดุฑููู,,4671
2022-08-23 16:51:51,ุงููู ุซุงููู,ูุง,ุฏุจูููุฉ ุงูุจุฑูุฌุฉ ุงููุชุฎุตุตุฉ,ููุณ,ูุตุฑ ุงูุฌุฏูุฏุฉ,,4672
2022-08-23 16:53:02,2 ุฌุงูุนู,ุฑุจูุง,"ุฏุจูููุฉ ุงูุจุฑูุฌุฉ ุงููุชุฎุตุตุฉ, ููุฑุณ ุงููุบุฉ ุงูุฅูุฌููุฒูุฉ, ุฏุจูููุฉ ุงูุฏูุฌุชุงู ูุงุฑูุชูุฌ, ุฏุจูููุฉ ุงูุฌุฑุงููุณ, ูุจุฏุงุฆ ุงูุจุฑูุฌุฉ ุงูุชุฃุณูุณูุฉ",Facebook,ุจูุฑุณุนูุฏ ุงูุงู ุงุงูููู ุงูุฌุฏูุฏ,,4673
2022-08-23 17:01:30,ุงูุตู ุงูุซุงูู ุงูุงุจุชุฏุงุฆู,ูุนู,"ุงููุฏุฑุณุฉ ุงูุงูููุงูู, ููุฑุณ ุงููุบุฉ ุงูุฅูุฌููุฒูุฉ, ุฏุจูููุฉ ุงูุฌุฑุงููุณ, ุงููุงุฑุฆ ุงููุซูู, ุงููุณุชูุดู ุงูุตุบูุฑ",ุงูููุณ ุจูู,ูุตุฑ,,4674
2022-08-23 18:18:03,ุงูุตู ุงูุซุงูู ุงูุซุงููู,ุฑุจูุง,"ุงููุฏุฑุณุฉ ุงูุงูููุงูู, ุฏุจูููุฉ ุงูุจุฑูุฌุฉ ุงููุชุฎุตุตุฉ, ููุฑุณ ุงููุบุฉ ุงูุฅูุฌููุฒูุฉ, ูุจุฏุงุฆ ุงูุจุฑูุฌุฉ ุงูุชุฃุณูุณูุฉ, ุงูุฑูุงุถูุงุช ( ุงููุงุชูููู )",ูู ุงูุงูุชุฑูุช,ูููุงุงูููุญ,,4675
2022-08-23 22:09:03,ุงููู ูููุฉ( ูุณุฉ ูุง ุญุฏุฏุชุด,ูุนู,"ุฏุจูููุฉ ุงูุจุฑูุฌุฉ ุงููุชุฎุตุตุฉ, ูุจุฏุงุฆ ุงูุจุฑูุฌุฉ ุงูุชุฃุณูุณูุฉ",ุงูููุณุจูู,ุงุณูุงู,,4676
2022-08-23 23:08:15,ุงูุงูู ุงูุงุจุชุฏุงุฆู,ูุนู,ุงููุงุนุฏุฉ ุงูููุฑุงููุฉ,ุงูููุณ ุจูู,ูุญุงูุธู ุงููููู,,4677
2022-08-23 23:46:49,ุซุงููู ุซุงููู,ูุนู,ุฏุจูููุฉ ุงูุจุฑูุฌุฉ ุงููุชุฎุตุตุฉ,ููุณ,ููุตู,,4678
2022-08-24 09:42:49,ุงูุตู ุงูุณุงุฏุณ,ุฑุจูุง,ุฏุจูููุฉ ุงูุจุฑูุฌุฉ ุงููุชุฎุตุตุฉ,ููุณ ุจูู,ุงูููููุจูุฉ,,4679
2022-08-24 11:33:45,ุงููู ุฌุงูุนุฉ,ูุนู,"ุฏุจูููุฉ ุงูุจุฑูุฌุฉ ุงููุชุฎุตุตุฉ, ูุจุฏุงุฆ ุงูุจุฑูุฌุฉ ุงูุชุฃุณูุณูุฉ",Facebook,ูุฏููุฉ ุงูุนุจูุฑ,,4680
2022-08-24 16:00:28,ุงูุซุงูู ุงูุซุงููู,ูุนู,ุฏุจูููุฉ ุงูุจุฑูุฌุฉ ุงููุชุฎุตุตุฉ,ุงูููุณุจูู,ูุฑูุฒ ุงููุงุณุทู ูุญุงูุธุฉ ุจูู ุณููู,,4681
2022-08-24 16:10:43,ุงููู ุซุงููู,ุฑุจูุง,ููุฑุณ ุงููุบุฉ ุงูุฅูุฌููุฒูุฉ,ููุณุจูู,ุจุดุชูู ุงูุจุงุจุฉ,,4682
2022-08-24 17:40:24,ุซูุงุซู ุงุนุฏุงุฏู,ุฑุจูุง,"ุงููุฏุฑุณุฉ ุงูุงูููุงูู, ุฏุจูููุฉ ุงูุจุฑูุฌุฉ ุงููุชุฎุตุตุฉ, ููุฑุณ ุงููุบุฉ ุงูุฅูุฌููุฒูุฉ, ุฏุจูููุฉ ุงูุฏูุฌุชุงู ูุงุฑูุชูุฌ, ููุฑุณ ุงููุบุฉ ุงูุฃููุงููุฉ, ุฏุจูููุฉ ุงูุฌุฑุงููุณ, ูุจุฏุงุฆ ุงูุจุฑูุฌุฉ ุงูุชุฃุณูุณูุฉ, ุงููุงุฑุฆ ุงููุซูู, ุงูุฑูุงุถูุงุช ( ุงููุงุชูููู ), ุงููุณุชูุดู ุงูุตุบูุฑ, ุงููุงุนุฏุฉ ุงูููุฑุงููุฉ",,ุจุณููู,,4683
2022-08-24 21:51:31,ุงูุงูู ุงูุซุงููู,ูุนู,ุฏุจูููุฉ ุงูุจุฑูุฌุฉ ุงููุชุฎุตุตุฉ,Facebook,ุงูุฌูุฑู,,4684
2022-08-25 00:28:18,ุงูุตู ุงูุณุงุฏุณ ุงูุงุจุชุฏุงุฆู,ุฑุจูุง,"ุฏุจูููุฉ ุงูุจุฑูุฌุฉ ุงููุชุฎุตุตุฉ, ููุฑุณ ุงููุบุฉ ุงูุฃููุงููุฉ, ูุจุฏุงุฆ ุงูุจุฑูุฌุฉ ุงูุชุฃุณูุณูุฉ, ุงููุงุฑุฆ ุงููุซูู",ุงูููุณ ุจูู,ุงูุณูู.ุงูุฌูุฒุฉ,,4685
2022-08-25 02:39:12,ุญุถุงูู,ูุนู,"ููุฑุณ ุงููุบุฉ ุงูุฅูุฌููุฒูุฉ, ุงููุณุชูุดู ุงูุตุบูุฑ, ุงููุงุนุฏุฉ ุงูููุฑุงููุฉ",ููุณ,ูุตุฑ,,4686
2022-08-25 05:22:08,ุฃููู ุซุงููู,ุฑุจูุง,ุฏุจูููุฉ ุงูุฌุฑุงููุณ,ููุณุจูู,ุงูุฌูุฒู,,4687
2022-08-25 08:17:33,ุงูุตู ุงูุซุงูุซ ุงูุงุนุฏุงุฏู,ูุนู,"ุฏุจูููุฉ ุงูุจุฑูุฌุฉ ุงููุชุฎุตุตุฉ, ููุฑุณ ุงููุบุฉ ุงูุฅูุฌููุฒูุฉ, ุฏุจูููุฉ ุงูุฏูุฌุชุงู ูุงุฑูุชูุฌ, ุฏุจูููุฉ ุงูุฌุฑุงููุณ, ูุจุฏุงุฆ ุงูุจุฑูุฌุฉ ุงูุชุฃุณูุณูุฉ, ุงูุฑูุงุถูุงุช ( ุงููุงุชูููู )",ุงูุณูุดูุงู ููุฏูุง,ุฏููุงุท,,4688
2022-08-25 09:06:40,ุงููู ุงุนุฏุงุฏู,ูุนู,ุฏุจูููุฉ ุงูุจุฑูุฌุฉ ุงููุชุฎุตุตุฉ,ูุง,ุงูุนุงุดุฑ ูู ุฑูุถุงู,,4689
2022-08-25 16:20:58,ุงูุฑุงุจุน ุงูุงุจุชุฏุงุฆู,ุฑุจูุง,,ููุณ ุจูู,ุงูุดุฑููุฉ,,4690
2022-08-25 19:12:01,ุงูุตู ุงูุซุงูู ุงูุงุนุฏุงุฏู,ูุนู,"ุฏุจูููุฉ ุงูุจุฑูุฌุฉ ุงููุชุฎุตุตุฉ, ููุฑุณ ุงููุบุฉ ุงูุฅูุฌููุฒูุฉ, ุฏุจูููุฉ ุงูุฌุฑุงููุณ, ูุจุฏุงุฆ ุงูุจุฑูุฌุฉ ุงูุชุฃุณูุณูุฉ",Internet,Ismailia,,4691
2022-08-25 22:07:31,ุงููู ุซุงููู,ุฑุจูุง,"ุฏุจูููุฉ ุงูุจุฑูุฌุฉ ุงููุชุฎุตุตุฉ, ุฏุจูููุฉ ุงูุฌุฑุงููุณ",ุงูููุณ,ุงููุงูุฑู,,4692
2022-08-26 00:41:06,ุงูุตู ุงูุซุงูู ุงูุงุนุฏุงุฏู,ุฑุจูุง,ูุจุฏุงุฆ ุงูุจุฑูุฌุฉ ุงูุชุฃุณูุณูุฉ,ุนู ุทุฑูู ุงููุช,ูุญุงูุธู ุดูุงู ุณููุงุก,,4693
2022-08-26 15:22:40,ุฌุฑูุฏ ุฏ7,ูุนู,ุฏุจูููุฉ ุงูุฌุฑุงููุณ,ููุณุจูู,,,4694
2022-08-26 20:24:42,ุฎุฑูุฌุฉ,ูุนู,ูุจุฏุงุฆ ุงูุจุฑูุฌุฉ ุงูุชุฃุณูุณูุฉ,ุงูููุณ,ุงูุจุญุฑ ุงูุฃุญูุฑ ูุฏููุฉ ุฑุฃุณ ุบุงุฑุจ,,4695
2022-08-27 00:26:18,ุฎุฑูุฌุฉ 2014,ูุนู,"ุงููุฏุฑุณุฉ ุงูุงูููุงูู, ุฏุจูููุฉ ุงูุจุฑูุฌุฉ ุงููุชุฎุตุตุฉ, ููุฑุณ ุงููุบุฉ ุงูุฅูุฌููุฒูุฉ, ุฏุจูููุฉ ุงูุฏูุฌุชุงู ูุงุฑูุชูุฌ, ููุฑุณ ุงููุบุฉ ุงูุฃููุงููุฉ, ุฏุจูููุฉ ุงูุฌุฑุงููุณ, ูุจุฏุงุฆ ุงูุจุฑูุฌุฉ ุงูุชุฃุณูุณูุฉ, ุงููุงุฑุฆ ุงููุซูู, ุงูุฑูุงุถูุงุช ( ุงููุงุชูููู ), ุงููุณุชูุดู ุงูุตุบูุฑ, ุงููุงุนุฏุฉ ุงูููุฑุงููุฉ",Facebook,ุงูุงุณูุงุนูููุฉ,,4696
2022-08-27 11:50:02,ุงูู ุฅุนุฏุงุฏู,ูุนู,,,ุฑุงุณ ุณุฏุฑ.ุฌููุจ ุณููุงุก,,4697
2022-08-27 12:48:50,ุงูุตู ุงูุซุงูู ุงูุงุจุชุฏุงุฆู,ุฑุจูุง,ุงููุงุนุฏุฉ ุงูููุฑุงููุฉ,ุงูููุณ ุจูู,ุงูุชูุจุฑ,,4698
2022-08-27 13:58:12,ุงูุตู ุงูุณุงุฏุณ ุงูุงุจุชุฏุงุฆู,ุฑุจูุง,ุฏุจูููุฉ ุงูุจุฑูุฌุฉ ุงููุชุฎุตุตุฉ,ุงูููุณ ุจูู,ุตูุท ุงูุญูุง ุงุจูุญูุงุฏ ุดุฑููู,,4699
